{"cameraMode":{"drawMode":0,"name":"Shaded","section":"Shading Mode"},"sceneLighting":false,"audioPlay":false,"sceneViewState":{"m_AlwaysRefresh":false,"showFog":true,"showSkybox":false,"showFlares":true,"showImageEffects":true,"showParticleSystems":true,"showVisualEffectGraphs":true,"m_FxEnabled":true},"in2DMode":false,"pivot":{"x":0.019999995827674867,"y":2.1650209426879885,"z":2.383213520050049},"rotation":{"x":0.12373979389667511,"y":0.706820547580719,"z":-0.12776030600070954,"w":0.684683620929718},"size":0.8660253882408142,"orthographic":false}