{"cameraMode":{"drawMode":0,"name":"Shaded","section":"Shading Mode"},"sceneLighting":true,"audioPlay":false,"sceneViewState":{"m_AlwaysRefresh":false,"showFog":true,"showSkybox":true,"showFlares":true,"showImageEffects":true,"showParticleSystems":true,"showVisualEffectGraphs":true,"m_FxEnabled":true},"in2DMode":false,"pivot":{"x":2.8067378997802736,"y":4.034523963928223,"z":-0.04099631309509277},"rotation":{"x":0.2048478126525879,"y":-0.6270569562911987,"z":0.17577072978019715,"w":0.7307260036468506},"size":3.935157060623169,"orthographic":false}