{"cameraMode":{"drawMode":0,"name":"Shaded","section":"Shading Mode"},"sceneLighting":true,"audioPlay":false,"sceneViewState":{"m_AlwaysRefresh":false,"showFog":true,"showSkybox":true,"showFlares":true,"showImageEffects":true,"showParticleSystems":true,"showVisualEffectGraphs":true,"m_FxEnabled":true},"in2DMode":false,"pivot":{"x":67.07343292236328,"y":251.9125213623047,"z":464.89495849609377},"rotation":{"x":-0.04977426305413246,"y":0.024564426392316819,"z":-0.0012245668331161142,"w":-0.9984585046768189},"size":21.830753326416017,"orthographic":false}