{"cameraMode":{"drawMode":0,"name":"Shaded","section":"Shading Mode"},"sceneLighting":true,"audioPlay":false,"sceneViewState":{"m_AlwaysRefresh":false,"showFog":true,"showSkybox":true,"showFlares":true,"showImageEffects":true,"showParticleSystems":true,"showVisualEffectGraphs":true,"m_FxEnabled":true},"in2DMode":false,"pivot":{"x":199.70184326171876,"y":51.88434600830078,"z":155.5111541748047},"rotation":{"x":-0.10912919044494629,"y":0.05245578661561012,"z":-0.005766992457211018,"w":-0.9926268458366394},"size":200.60948181152345,"orthographic":false}